{
  "data": [
    {
      "id": "402880ea56c9d4730156cbfcab3f0002",
      "createUserId": "string",
      "createDate": 1472276134000,
      "updateUserId": "string",
      "updateDate": 1472276134000,
      "dictTypeId": "string",
      "dictDetailCode": "string",
      "valueNameCn": "string",
      "valueNameEn": "string",
      "sort": 0,
      "comments": "string"
    },
    {
      "id": "7323bf93-5091-11e6-a022-902b340998a6",
      "createUserId": "34ff5c2e-6625-4d6d-ad39-d1745755b3a8",
      "createDate": 1469249631000,
      "updateUserId": "34ff5c2e-6625-4d6d-ad39-d1745755b3a8",
      "updateDate": 1469249631000,
      "dictTypeId": "f5ca1dcb-41e4-4553-b41e-f3eeda6d56f1",
      "dictDetailCode": "DM00001",
      "valueNameCn": "男",
      "valueNameEn": null,
      "sort": 0,
      "comments": null
    },
    {
      "id": "732d0ec5-5091-11e6-a022-902b340998a6",
      "createUserId": "34ff5c2e-6625-4d6d-ad39-d1745755b3a8",
      "createDate": 1469249631000,
      "updateUserId": "34ff5c2e-6625-4d6d-ad39-d1745755b3a8",
      "updateDate": 1469249631000,
      "dictTypeId": "f5ca1dcb-41e4-4553-b41e-f3eeda6d56f1",
      "dictDetailCode": "DM00002",
      "valueNameCn": "女",
      "valueNameEn": null,
      "sort": 0,
      "comments": null
    },
    {
      "id": "73351da0-5091-11e6-a022-902b340998a6",
      "createUserId": "34ff5c2e-6625-4d6d-ad39-d1745755b3a8",
      "createDate": 1469249631000,
      "updateUserId": "34ff5c2e-6625-4d6d-ad39-d1745755b3a8",
      "updateDate": 1469249631000,
      "dictTypeId": "f5ca1dcb-41e4-4553-b41e-f3eeda6d56f2",
      "dictDetailCode": "DM00003",
      "valueNameCn": "雄性",
      "valueNameEn": null,
      "sort": 0,
      "comments": null
    },
    {
      "id": "7340a575-5091-11e6-a022-902b340998a6",
      "createUserId": "34ff5c2e-6625-4d6d-ad39-d1745755b3a8",
      "createDate": 1469249631000,
      "updateUserId": "34ff5c2e-6625-4d6d-ad39-d1745755b3a8",
      "updateDate": 1469249631000,
      "dictTypeId": "f5ca1dcb-41e4-4553-b41e-f3eeda6d56f2",
      "dictDetailCode": "DM00004",
      "valueNameCn": "雌性",
      "valueNameEn": null,
      "sort": 0,
      "comments": null
    },
    {
      "id": "734c0f24-5091-11e6-a022-902b340998a6",
      "createUserId": "34ff5c2e-6625-4d6d-ad39-d1745755b3a8",
      "createDate": 1469249631000,
      "updateUserId": "34ff5c2e-6625-4d6d-ad39-d1745755b3a8",
      "updateDate": 1469249631000,
      "dictTypeId": "f5ca1dcb-41e4-4553-b41e-f3eeda6d56f3",
      "dictDetailCode": "DM00005",
      "valueNameCn": "金色",
      "valueNameEn": null,
      "sort": 0,
      "comments": null
    },
    {
      "id": "735547e6-5091-11e6-a022-902b340998a6",
      "createUserId": "34ff5c2e-6625-4d6d-ad39-d1745755b3a8",
      "createDate": 1469249631000,
      "updateUserId": "34ff5c2e-6625-4d6d-ad39-d1745755b3a8",
      "updateDate": 1469249631000,
      "dictTypeId": "f5ca1dcb-41e4-4553-b41e-f3eeda6d56f3",
      "dictDetailCode": "DM00006",
      "valueNameCn": "白色",
      "valueNameEn": null,
      "sort": 0,
      "comments": null
    },
    {
      "id": "735f9155-5091-11e6-a022-902b340998a6",
      "createUserId": "34ff5c2e-6625-4d6d-ad39-d1745755b3a8",
      "createDate": 1469249631000,
      "updateUserId": "34ff5c2e-6625-4d6d-ad39-d1745755b3a8",
      "updateDate": 1469249631000,
      "dictTypeId": "f5ca1dcb-41e4-4553-b41e-f3eeda6d56f3",
      "dictDetailCode": "DM00007",
      "valueNameCn": "黑色",
      "valueNameEn": null,
      "sort": 0,
      "comments": null
    },
    {
      "id": "736606d4-5091-11e6-a022-902b340998a6",
      "createUserId": "34ff5c2e-6625-4d6d-ad39-d1745755b3a8",
      "createDate": 1469249631000,
      "updateUserId": "34ff5c2e-6625-4d6d-ad39-d1745755b3a8",
      "updateDate": 1469249631000,
      "dictTypeId": "f5ca1dcb-41e4-4553-b41e-f3eeda6d56f4",
      "dictDetailCode": "DM00008",
      "valueNameCn": "无",
      "valueNameEn": null,
      "sort": 0,
      "comments": null
    },
    {
      "id": "7377ff06-5091-11e6-a022-902b340998a6",
      "createUserId": "34ff5c2e-6625-4d6d-ad39-d1745755b3a8",
      "createDate": 1469249631000,
      "updateUserId": "34ff5c2e-6625-4d6d-ad39-d1745755b3a8",
      "updateDate": 1469249631000,
      "dictTypeId": "f5ca1dcb-41e4-4553-b41e-f3eeda6d56f4",
      "dictDetailCode": "DM00009",
      "valueNameCn": "片剂",
      "valueNameEn": null,
      "sort": 0,
      "comments": null
    },
    {
      "id": "7389d5dd-5091-11e6-a022-902b340998a6",
      "createUserId": "34ff5c2e-6625-4d6d-ad39-d1745755b3a8",
      "createDate": 1469249632000,
      "updateUserId": "34ff5c2e-6625-4d6d-ad39-d1745755b3a8",
      "updateDate": 1469249632000,
      "dictTypeId": "f5ca1dcb-41e4-4553-b41e-f3eeda6d56f4",
      "dictDetailCode": "DM00010",
      "valueNameCn": "水剂",
      "valueNameEn": null,
      "sort": 0,
      "comments": null
    },
    {
      "id": "739a03f4-5091-11e6-a022-902b340998a6",
      "createUserId": "34ff5c2e-6625-4d6d-ad39-d1745755b3a8",
      "createDate": 1469249632000,
      "updateUserId": "34ff5c2e-6625-4d6d-ad39-d1745755b3a8",
      "updateDate": 1469249632000,
      "dictTypeId": "f5ca1dcb-41e4-4553-b41e-f3eeda6d56f5",
      "dictDetailCode": "DM00011",
      "valueNameCn": "套",
      "valueNameEn": null,
      "sort": 0,
      "comments": null
    },
    {
      "id": "73a89fdb-5091-11e6-a022-902b340998a6",
      "createUserId": "34ff5c2e-6625-4d6d-ad39-d1745755b3a8",
      "createDate": 1469249632000,
      "updateUserId": "34ff5c2e-6625-4d6d-ad39-d1745755b3a8",
      "updateDate": 1469249632000,
      "dictTypeId": "f5ca1dcb-41e4-4553-b41e-f3eeda6d56f5",
      "dictDetailCode": "DM00012",
      "valueNameCn": "头份",
      "valueNameEn": null,
      "sort": 0,
      "comments": null
    },
    {
      "id": "73b7a5c5-5091-11e6-a022-902b340998a6",
      "createUserId": "34ff5c2e-6625-4d6d-ad39-d1745755b3a8",
      "createDate": 1469249632000,
      "updateUserId": "34ff5c2e-6625-4d6d-ad39-d1745755b3a8",
      "updateDate": 1469249632000,
      "dictTypeId": "f5ca1dcb-41e4-4553-b41e-f3eeda6d56f5",
      "dictDetailCode": "DM00013",
      "valueNameCn": "次",
      "valueNameEn": null,
      "sort": 0,
      "comments": null
    },
    {
      "id": "73c79776-5091-11e6-a022-902b340998a6",
      "createUserId": "34ff5c2e-6625-4d6d-ad39-d1745755b3a8",
      "createDate": 1469249632000,
      "updateUserId": "34ff5c2e-6625-4d6d-ad39-d1745755b3a8",
      "updateDate": 1469249632000,
      "dictTypeId": "f5ca1dcb-41e4-4553-b41e-f3eeda6d56f5",
      "dictDetailCode": "DM00014",
      "valueNameCn": "瓶",
      "valueNameEn": null,
      "sort": 0,
      "comments": null
    },
    {
      "id": "73d3bc48-5091-11e6-a022-902b340998a6",
      "createUserId": "34ff5c2e-6625-4d6d-ad39-d1745755b3a8",
      "createDate": 1469249632000,
      "updateUserId": "34ff5c2e-6625-4d6d-ad39-d1745755b3a8",
      "updateDate": 1469249632000,
      "dictTypeId": "f5ca1dcb-41e4-4553-b41e-f3eeda6d56f5",
      "dictDetailCode": "DM00015",
      "valueNameCn": "片",
      "valueNameEn": null,
      "sort": 0,
      "comments": null
    },
    {
      "id": "73da8bd0-5091-11e6-a022-902b340998a6",
      "createUserId": "34ff5c2e-6625-4d6d-ad39-d1745755b3a8",
      "createDate": 1469249632000,
      "updateUserId": "34ff5c2e-6625-4d6d-ad39-d1745755b3a8",
      "updateDate": 1469249632000,
      "dictTypeId": "f5ca1dcb-41e4-4553-b41e-f3eeda6d56f6",
      "dictDetailCode": "DM00016",
      "valueNameCn": "犬科",
      "valueNameEn": null,
      "sort": 0,
      "comments": null
    },
    {
      "id": "73e490cf-5091-11e6-a022-902b340998a6",
      "createUserId": "34ff5c2e-6625-4d6d-ad39-d1745755b3a8",
      "createDate": 1469249632000,
      "updateUserId": "34ff5c2e-6625-4d6d-ad39-d1745755b3a8",
      "updateDate": 1469249632000,
      "dictTypeId": "f5ca1dcb-41e4-4553-b41e-f3eeda6d56f6",
      "dictDetailCode": "DM00017",
      "valueNameCn": "猫科",
      "valueNameEn": null,
      "sort": 0,
      "comments": null
    },
    {
      "id": "73ed4586-5091-11e6-a022-902b340998a6",
      "createUserId": "34ff5c2e-6625-4d6d-ad39-d1745755b3a8",
      "createDate": 1469249632000,
      "updateUserId": "34ff5c2e-6625-4d6d-ad39-d1745755b3a8",
      "updateDate": 1469249632000,
      "dictTypeId": "f5ca1dcb-41e4-4553-b41e-f3eeda6d56f5",
      "dictDetailCode": "DM00018",
      "valueNameCn": "天",
      "valueNameEn": null,
      "sort": 0,
      "comments": null
    },
    {
      "id": "73f5fd5b-5091-11e6-a022-902b340998a6",
      "createUserId": "34ff5c2e-6625-4d6d-ad39-d1745755b3a8",
      "createDate": 1469249632000,
      "updateUserId": "34ff5c2e-6625-4d6d-ad39-d1745755b3a8",
      "updateDate": 1469249632000,
      "dictTypeId": "f5ca1dcb-41e4-4553-b41e-f3eeda6d56f5",
      "dictDetailCode": "DM00019",
      "valueNameCn": "500g",
      "valueNameEn": null,
      "sort": 0,
      "comments": null
    },
    {
      "id": "73fefb03-5091-11e6-a022-902b340998a6",
      "createUserId": "34ff5c2e-6625-4d6d-ad39-d1745755b3a8",
      "createDate": 1469249632000,
      "updateUserId": "34ff5c2e-6625-4d6d-ad39-d1745755b3a8",
      "updateDate": 1469249632000,
      "dictTypeId": "f5ca1dcb-41e4-4553-b41e-f3eeda6d56f8",
      "dictDetailCode": "DM00020",
      "valueNameCn": "销售",
      "valueNameEn": null,
      "sort": 0,
      "comments": null
    },
    {
      "id": "740f67b2-5091-11e6-a022-902b340998a6",
      "createUserId": "34ff5c2e-6625-4d6d-ad39-d1745755b3a8",
      "createDate": 1469249632000,
      "updateUserId": "34ff5c2e-6625-4d6d-ad39-d1745755b3a8",
      "updateDate": 1469249632000,
      "dictTypeId": "f5ca1dcb-41e4-4553-b41e-f3eeda6d56f8",
      "dictDetailCode": "DM00021",
      "valueNameCn": "无公害处理",
      "valueNameEn": null,
      "sort": 0,
      "comments": null
    },
    {
      "id": "741c4c71-5091-11e6-a022-902b340998a6",
      "createUserId": "34ff5c2e-6625-4d6d-ad39-d1745755b3a8",
      "createDate": 1469249633000,
      "updateUserId": "34ff5c2e-6625-4d6d-ad39-d1745755b3a8",
      "updateDate": 1469249633000,
      "dictTypeId": "f5ca1dcb-41e4-4553-b41e-f3eeda6d56f4",
      "dictDetailCode": "DM00022",
      "valueNameCn": "针剂",
      "valueNameEn": null,
      "sort": 0,
      "comments": null
    },
    {
      "id": "74287445-5091-11e6-a022-902b340998a6",
      "createUserId": "34ff5c2e-6625-4d6d-ad39-d1745755b3a8",
      "createDate": 1469249633000,
      "updateUserId": "34ff5c2e-6625-4d6d-ad39-d1745755b3a8",
      "updateDate": 1469249633000,
      "dictTypeId": "f5ca1dcb-41e4-4553-b41e-f3eeda6d56f7",
      "dictDetailCode": "DM00023",
      "valueNameCn": "10^9/L",
      "valueNameEn": null,
      "sort": 0,
      "comments": null
    },
    {
      "id": "7437918a-5091-11e6-a022-902b340998a6",
      "createUserId": "34ff5c2e-6625-4d6d-ad39-d1745755b3a8",
      "createDate": 1469249633000,
      "updateUserId": "34ff5c2e-6625-4d6d-ad39-d1745755b3a8",
      "updateDate": 1469249633000,
      "dictTypeId": "f5ca1dcb-41e4-4553-b41e-f3eeda6d56f7",
      "dictDetailCode": "DM00024",
      "valueNameCn": "%",
      "valueNameEn": null,
      "sort": 0,
      "comments": null
    },
    {
      "id": "743fcdf5-5091-11e6-a022-902b340998a6",
      "createUserId": "34ff5c2e-6625-4d6d-ad39-d1745755b3a8",
      "createDate": 1469249633000,
      "updateUserId": "34ff5c2e-6625-4d6d-ad39-d1745755b3a8",
      "updateDate": 1469249633000,
      "dictTypeId": "f5ca1dcb-41e4-4553-b41e-f3eeda6d56f7",
      "dictDetailCode": "DM00025",
      "valueNameCn": "10^12/L",
      "valueNameEn": null,
      "sort": 0,
      "comments": null
    },
    {
      "id": "74470ce0-5091-11e6-a022-902b340998a6",
      "createUserId": "34ff5c2e-6625-4d6d-ad39-d1745755b3a8",
      "createDate": 1469249633000,
      "updateUserId": "34ff5c2e-6625-4d6d-ad39-d1745755b3a8",
      "updateDate": 1469249633000,
      "dictTypeId": "f5ca1dcb-41e4-4553-b41e-f3eeda6d56f7",
      "dictDetailCode": "DM00026",
      "valueNameCn": "g/L",
      "valueNameEn": null,
      "sort": 0,
      "comments": null
    },
    {
      "id": "7451913b-5091-11e6-a022-902b340998a6",
      "createUserId": "34ff5c2e-6625-4d6d-ad39-d1745755b3a8",
      "createDate": 1469249633000,
      "updateUserId": "34ff5c2e-6625-4d6d-ad39-d1745755b3a8",
      "updateDate": 1469249633000,
      "dictTypeId": "f5ca1dcb-41e4-4553-b41e-f3eeda6d56f7",
      "dictDetailCode": "DM00027",
      "valueNameCn": "mmol/L",
      "valueNameEn": null,
      "sort": 0,
      "comments": null
    },
    {
      "id": "745dbc83-5091-11e6-a022-902b340998a6",
      "createUserId": "34ff5c2e-6625-4d6d-ad39-d1745755b3a8",
      "createDate": 1469249633000,
      "updateUserId": "34ff5c2e-6625-4d6d-ad39-d1745755b3a8",
      "updateDate": 1469249633000,
      "dictTypeId": "f5ca1dcb-41e4-4553-b41e-f3eeda6d56f7",
      "dictDetailCode": "DM00028",
      "valueNameCn": "U/L",
      "valueNameEn": null,
      "sort": 0,
      "comments": null
    },
    {
      "id": "74684eab-5091-11e6-a022-902b340998a6",
      "createUserId": "34ff5c2e-6625-4d6d-ad39-d1745755b3a8",
      "createDate": 1469249633000,
      "updateUserId": "34ff5c2e-6625-4d6d-ad39-d1745755b3a8",
      "updateDate": 1469249633000,
      "dictTypeId": "f5ca1dcb-41e4-4553-b41e-f3eeda6d56f7",
      "dictDetailCode": "DM00029",
      "valueNameCn": "umol/L",
      "valueNameEn": null,
      "sort": 0,
      "comments": null
    },
    {
      "id": "7471a447-5091-11e6-a022-902b340998a6",
      "createUserId": "34ff5c2e-6625-4d6d-ad39-d1745755b3a8",
      "createDate": 1469249633000,
      "updateUserId": "34ff5c2e-6625-4d6d-ad39-d1745755b3a8",
      "updateDate": 1469249633000,
      "dictTypeId": "f5ca1dcb-41e4-4553-b41e-f3eeda6d56f5",
      "dictDetailCode": "DM00030",
      "valueNameCn": "针",
      "valueNameEn": null,
      "sort": 0,
      "comments": null
    },
    {
      "id": "74786f2d-5091-11e6-a022-902b340998a6",
      "createUserId": "34ff5c2e-6625-4d6d-ad39-d1745755b3a8",
      "createDate": 1469249633000,
      "updateUserId": "34ff5c2e-6625-4d6d-ad39-d1745755b3a8",
      "updateDate": 1469249633000,
      "dictTypeId": "f5ca1dcb-41e4-4553-b41e-f3eeda6d56f3",
      "dictDetailCode": "DM00032",
      "valueNameCn": "狸花色",
      "valueNameEn": null,
      "sort": 0,
      "comments": null
    },
    {
      "id": "7483ec01-5091-11e6-a022-902b340998a6",
      "createUserId": "34ff5c2e-6625-4d6d-ad39-d1745755b3a8",
      "createDate": 1469249633000,
      "updateUserId": "34ff5c2e-6625-4d6d-ad39-d1745755b3a8",
      "updateDate": 1469249633000,
      "dictTypeId": "f5ca1dcb-41e4-4553-b41e-f3eeda6d56f3",
      "dictDetailCode": "DM00033",
      "valueNameCn": "黑白相间",
      "valueNameEn": "",
      "sort": 0,
      "comments": null
    },
    {
      "id": "748a94c7-5091-11e6-a022-902b340998a6",
      "createUserId": "34ff5c2e-6625-4d6d-ad39-d1745755b3a8",
      "createDate": 1469249633000,
      "updateUserId": "34ff5c2e-6625-4d6d-ad39-d1745755b3a8",
      "updateDate": 1469249633000,
      "dictTypeId": "f5ca1dcb-41e4-4553-b41e-f3eeda6d56f2",
      "dictDetailCode": "DM00035",
      "valueNameCn": "其他",
      "valueNameEn": null,
      "sort": 0,
      "comments": null
    },
    {
      "id": "74948cb9-5091-11e6-a022-902b340998a6",
      "createUserId": "34ff5c2e-6625-4d6d-ad39-d1745755b3a8",
      "createDate": 1469249633000,
      "updateUserId": "34ff5c2e-6625-4d6d-ad39-d1745755b3a8",
      "updateDate": 1469249633000,
      "dictTypeId": "f5ca1dcb-41e4-4553-b41e-f3eeda6d56f3",
      "dictDetailCode": "DM00036",
      "valueNameCn": "杂毛",
      "valueNameEn": null,
      "sort": 0,
      "comments": null
    },
    {
      "id": "749ac200-5091-11e6-a022-902b340998a6",
      "createUserId": "34ff5c2e-6625-4d6d-ad39-d1745755b3a8",
      "createDate": 1469249633000,
      "updateUserId": "34ff5c2e-6625-4d6d-ad39-d1745755b3a8",
      "updateDate": 1469249633000,
      "dictTypeId": "f5ca1dcb-41e4-4553-b41e-f3eeda6d56f5",
      "dictDetailCode": "DM00037",
      "valueNameCn": "头/份",
      "valueNameEn": null,
      "sort": 0,
      "comments": null
    },
    {
      "id": "74a3c71e-5091-11e6-a022-902b340998a6",
      "createUserId": "34ff5c2e-6625-4d6d-ad39-d1745755b3a8",
      "createDate": 1469249633000,
      "updateUserId": "34ff5c2e-6625-4d6d-ad39-d1745755b3a8",
      "updateDate": 1469249633000,
      "dictTypeId": "f5ca1dcb-41e4-4553-b41e-f3eeda6d56f5",
      "dictDetailCode": "DM00038",
      "valueNameCn": "盒",
      "valueNameEn": null,
      "sort": 0,
      "comments": null
    },
    {
      "id": "74a9e51c-5091-11e6-a022-902b340998a6",
      "createUserId": "34ff5c2e-6625-4d6d-ad39-d1745755b3a8",
      "createDate": 1469249633000,
      "updateUserId": "34ff5c2e-6625-4d6d-ad39-d1745755b3a8",
      "updateDate": 1469249633000,
      "dictTypeId": "f5ca1dcb-41e4-4553-b41e-f3eeda6d56f5",
      "dictDetailCode": "DM00041",
      "valueNameCn": "袋",
      "valueNameEn": null,
      "sort": 0,
      "comments": null
    },
    {
      "id": "74b15840-5091-11e6-a022-902b340998a6",
      "createUserId": "34ff5c2e-6625-4d6d-ad39-d1745755b3a8",
      "createDate": 1469249633000,
      "updateUserId": "34ff5c2e-6625-4d6d-ad39-d1745755b3a8",
      "updateDate": 1469249633000,
      "dictTypeId": "f5ca1dcb-41e4-4553-b41e-f3eeda6d56f4",
      "dictDetailCode": "DM00039",
      "valueNameCn": "粉剂",
      "valueNameEn": null,
      "sort": 0,
      "comments": null
    },
    {
      "id": "74baf4e5-5091-11e6-a022-902b340998a6",
      "createUserId": "34ff5c2e-6625-4d6d-ad39-d1745755b3a8",
      "createDate": 1469249634000,
      "updateUserId": "34ff5c2e-6625-4d6d-ad39-d1745755b3a8",
      "updateDate": 1469249634000,
      "dictTypeId": "f5ca1dcb-41e4-4553-b41e-f3eeda6d56f7",
      "dictDetailCode": "DM00040",
      "valueNameCn": "fL",
      "valueNameEn": null,
      "sort": 0,
      "comments": null
    },
    {
      "id": "74c421ef-5091-11e6-a022-902b340998a6",
      "createUserId": "34ff5c2e-6625-4d6d-ad39-d1745755b3a8",
      "createDate": 1469249634000,
      "updateUserId": "34ff5c2e-6625-4d6d-ad39-d1745755b3a8",
      "updateDate": 1469249634000,
      "dictTypeId": "f5ca1dcb-41e4-4553-b41e-f3eeda6d56f7",
      "dictDetailCode": "DM00042",
      "valueNameCn": "pg",
      "valueNameEn": null,
      "sort": 0,
      "comments": null
    },
    {
      "id": "74ca2c82-5091-11e6-a022-902b340998a6",
      "createUserId": "34ff5c2e-6625-4d6d-ad39-d1745755b3a8",
      "createDate": 1469249634000,
      "updateUserId": "34ff5c2e-6625-4d6d-ad39-d1745755b3a8",
      "updateDate": 1469249634000,
      "dictTypeId": "f5ca1dcb-41e4-4553-b41e-f3eeda6d56f3",
      "dictDetailCode": "DM00043",
      "valueNameCn": "灰色",
      "valueNameEn": null,
      "sort": 0,
      "comments": null
    },
    {
      "id": "74d1913d-5091-11e6-a022-902b340998a6",
      "createUserId": "34ff5c2e-6625-4d6d-ad39-d1745755b3a8",
      "createDate": 1469249634000,
      "updateUserId": "34ff5c2e-6625-4d6d-ad39-d1745755b3a8",
      "updateDate": 1469249634000,
      "dictTypeId": "f5ca1dcb-41e4-4553-b41e-f3eeda6d56f5",
      "dictDetailCode": "DM00044",
      "valueNameCn": "个",
      "valueNameEn": null,
      "sort": 0,
      "comments": null
    },
    {
      "id": "74d9b06e-5091-11e6-a022-902b340998a6",
      "createUserId": "34ff5c2e-6625-4d6d-ad39-d1745755b3a8",
      "createDate": 1469249634000,
      "updateUserId": "34ff5c2e-6625-4d6d-ad39-d1745755b3a8",
      "updateDate": 1469249634000,
      "dictTypeId": "f5ca1dcb-41e4-4553-b41e-f3eeda6d56f5",
      "dictDetailCode": "DM00045",
      "valueNameCn": "张",
      "valueNameEn": null,
      "sort": 0,
      "comments": null
    },
    {
      "id": "74e2c574-5091-11e6-a022-902b340998a6",
      "createUserId": "34ff5c2e-6625-4d6d-ad39-d1745755b3a8",
      "createDate": 1469249634000,
      "updateUserId": "34ff5c2e-6625-4d6d-ad39-d1745755b3a8",
      "updateDate": 1469249634000,
      "dictTypeId": "f5ca1dcb-41e4-4553-b41e-f3eeda6d56f4",
      "dictDetailCode": "DM00046",
      "valueNameCn": "365",
      "valueNameEn": null,
      "sort": 0,
      "comments": null
    },
    {
      "id": "74ec132d-5091-11e6-a022-902b340998a6",
      "createUserId": "34ff5c2e-6625-4d6d-ad39-d1745755b3a8",
      "createDate": 1469249634000,
      "updateUserId": "34ff5c2e-6625-4d6d-ad39-d1745755b3a8",
      "updateDate": 1469249634000,
      "dictTypeId": "f5ca1dcb-41e4-4553-b41e-f3eeda6d56f5",
      "dictDetailCode": "DM00047",
      "valueNameCn": "包",
      "valueNameEn": null,
      "sort": 0,
      "comments": null
    },
    {
      "id": "74f41781-5091-11e6-a022-902b340998a6",
      "createUserId": "34ff5c2e-6625-4d6d-ad39-d1745755b3a8",
      "createDate": 1469249634000,
      "updateUserId": "34ff5c2e-6625-4d6d-ad39-d1745755b3a8",
      "updateDate": 1469249634000,
      "dictTypeId": "f5ca1dcb-41e4-4553-b41e-f3eeda6d56f5",
      "dictDetailCode": "DM00048",
      "valueNameCn": "只",
      "valueNameEn": null,
      "sort": 0,
      "comments": null
    },
    {
      "id": "74fbb0c5-5091-11e6-a022-902b340998a6",
      "createUserId": "34ff5c2e-6625-4d6d-ad39-d1745755b3a8",
      "createDate": 1469249634000,
      "updateUserId": "34ff5c2e-6625-4d6d-ad39-d1745755b3a8",
      "updateDate": 1469249634000,
      "dictTypeId": "f5ca1dcb-41e4-4553-b41e-f3eeda6d56f5",
      "dictDetailCode": "DM00049",
      "valueNameCn": "扎",
      "valueNameEn": null,
      "sort": 0,
      "comments": null
    },
    {
      "id": "75041943-5091-11e6-a022-902b340998a6",
      "createUserId": "34ff5c2e-6625-4d6d-ad39-d1745755b3a8",
      "createDate": 1469249634000,
      "updateUserId": "34ff5c2e-6625-4d6d-ad39-d1745755b3a8",
      "updateDate": 1469249634000,
      "dictTypeId": "f5ca1dcb-41e4-4553-b41e-f3eeda6d56f5",
      "dictDetailCode": "DM00050",
      "valueNameCn": "支",
      "valueNameEn": null,
      "sort": 0,
      "comments": null
    },
    {
      "id": "750c1ee3-5091-11e6-a022-902b340998a6",
      "createUserId": "34ff5c2e-6625-4d6d-ad39-d1745755b3a8",
      "createDate": 1469249634000,
      "updateUserId": "34ff5c2e-6625-4d6d-ad39-d1745755b3a8",
      "updateDate": 1469249634000,
      "dictTypeId": "f5ca1dcb-41e4-4553-b41e-f3eeda6d56f4",
      "dictDetailCode": "DM00051",
      "valueNameCn": "膏剂",
      "valueNameEn": null,
      "sort": 0,
      "comments": null
    },
    {
      "id": "751436d3-5091-11e6-a022-902b340998a6",
      "createUserId": "34ff5c2e-6625-4d6d-ad39-d1745755b3a8",
      "createDate": 1469249634000,
      "updateUserId": "34ff5c2e-6625-4d6d-ad39-d1745755b3a8",
      "updateDate": 1469249634000,
      "dictTypeId": "f5ca1dcb-41e4-4553-b41e-f3eeda6d56f5",
      "dictDetailCode": "DM00052",
      "valueNameCn": "付",
      "valueNameEn": null,
      "sort": 0,
      "comments": null
    },
    {
      "id": "751eb336-5091-11e6-a022-902b340998a6",
      "createUserId": "34ff5c2e-6625-4d6d-ad39-d1745755b3a8",
      "createDate": 1469249634000,
      "updateUserId": "34ff5c2e-6625-4d6d-ad39-d1745755b3a8",
      "updateDate": 1469249634000,
      "dictTypeId": "f5ca1dcb-41e4-4553-b41e-f3eeda6d56f5",
      "dictDetailCode": "DM00053",
      "valueNameCn": "粒",
      "valueNameEn": null,
      "sort": 0,
      "comments": null
    },
    {
      "id": "7527a1f5-5091-11e6-a022-902b340998a6",
      "createUserId": "34ff5c2e-6625-4d6d-ad39-d1745755b3a8",
      "createDate": 1469249634000,
      "updateUserId": "34ff5c2e-6625-4d6d-ad39-d1745755b3a8",
      "updateDate": 1469249634000,
      "dictTypeId": "f5ca1dcb-41e4-4553-b41e-f3eeda6d56f5",
      "dictDetailCode": "DM00054",
      "valueNameCn": "罐",
      "valueNameEn": null,
      "sort": 0,
      "comments": null
    },
    {
      "id": "752d8d21-5091-11e6-a022-902b340998a6",
      "createUserId": "34ff5c2e-6625-4d6d-ad39-d1745755b3a8",
      "createDate": 1469249634000,
      "updateUserId": "34ff5c2e-6625-4d6d-ad39-d1745755b3a8",
      "updateDate": 1469249634000,
      "dictTypeId": "f5ca1dcb-41e4-4553-b41e-f3eeda6d56f5",
      "dictDetailCode": "DM0000000055",
      "valueNameCn": "桶",
      "valueNameEn": null,
      "sort": 0,
      "comments": null
    },
    {
      "id": "7536d4ae-5091-11e6-a022-902b340998a6",
      "createUserId": "34ff5c2e-6625-4d6d-ad39-d1745755b3a8",
      "createDate": 1469249634000,
      "updateUserId": "34ff5c2e-6625-4d6d-ad39-d1745755b3a8",
      "updateDate": 1469249634000,
      "dictTypeId": "f5ca1dcb-41e4-4553-b41e-f3eeda6d56f5",
      "dictDetailCode": "DM0000000056",
      "valueNameCn": "无",
      "valueNameEn": null,
      "sort": 0,
      "comments": null
    },
    {
      "id": "753d2798-5091-11e6-a022-902b340998a6",
      "createUserId": "34ff5c2e-6625-4d6d-ad39-d1745755b3a8",
      "createDate": 1469249634000,
      "updateUserId": "34ff5c2e-6625-4d6d-ad39-d1745755b3a8",
      "updateDate": 1469249634000,
      "dictTypeId": "f5ca1dcb-41e4-4553-b41e-f3eeda6d56f5",
      "dictDetailCode": "DM0000000057",
      "valueNameCn": "板",
      "valueNameEn": null,
      "sort": 0,
      "comments": null
    },
    {
      "id": "75448805-5091-11e6-a022-902b340998a6",
      "createUserId": "34ff5c2e-6625-4d6d-ad39-d1745755b3a8",
      "createDate": 1469249634000,
      "updateUserId": "34ff5c2e-6625-4d6d-ad39-d1745755b3a8",
      "updateDate": 1469249634000,
      "dictTypeId": "f5ca1dcb-41e4-4553-b41e-f3eeda6d56f5",
      "dictDetailCode": "DM0000000058",
      "valueNameCn": "铁包金",
      "valueNameEn": null,
      "sort": 0,
      "comments": null
    },
    {
      "id": "754c92a6-5091-11e6-a022-902b340998a6",
      "createUserId": "34ff5c2e-6625-4d6d-ad39-d1745755b3a8",
      "createDate": 1469249634000,
      "updateUserId": "34ff5c2e-6625-4d6d-ad39-d1745755b3a8",
      "updateDate": 1469249634000,
      "dictTypeId": "f5ca1dcb-41e4-4553-b41e-f3eeda6d56f6",
      "dictDetailCode": "DM0000000060",
      "valueNameCn": "兔",
      "valueNameEn": null,
      "sort": 0,
      "comments": null
    },
    {
      "id": "75572f51-5091-11e6-a022-902b340998a6",
      "createUserId": "34ff5c2e-6625-4d6d-ad39-d1745755b3a8",
      "createDate": 1469249635000,
      "updateUserId": "34ff5c2e-6625-4d6d-ad39-d1745755b3a8",
      "updateDate": 1469249635000,
      "dictTypeId": "f5ca1dcb-41e4-4553-b41e-f3eeda6d56f5",
      "dictDetailCode": "DM0000000061",
      "valueNameCn": "支",
      "valueNameEn": null,
      "sort": 0,
      "comments": null
    },
    {
      "id": "7561b197-5091-11e6-a022-902b340998a6",
      "createUserId": "34ff5c2e-6625-4d6d-ad39-d1745755b3a8",
      "createDate": 1469249635000,
      "updateUserId": "34ff5c2e-6625-4d6d-ad39-d1745755b3a8",
      "updateDate": 1469249635000,
      "dictTypeId": "f5ca1dcb-41e4-4553-b41e-f3eeda6d56f6",
      "dictDetailCode": "DM00000",
      "valueNameCn": "其它",
      "valueNameEn": null,
      "sort": 0,
      "comments": null
    },
    {
      "id": "7569259f-5091-11e6-a022-902b340998a6",
      "createUserId": "34ff5c2e-6625-4d6d-ad39-d1745755b3a8",
      "createDate": 1469249635000,
      "updateUserId": "34ff5c2e-6625-4d6d-ad39-d1745755b3a8",
      "updateDate": 1469249635000,
      "dictTypeId": "f5ca1dcb-41e4-4553-b41e-f3eeda6d56f9",
      "dictDetailCode": "DM0000000062",
      "valueNameCn": "点眼",
      "valueNameEn": null,
      "sort": 0,
      "comments": null
    },
    {
      "id": "7570a4af-5091-11e6-a022-902b340998a6",
      "createUserId": "34ff5c2e-6625-4d6d-ad39-d1745755b3a8",
      "createDate": 1469249635000,
      "updateUserId": "34ff5c2e-6625-4d6d-ad39-d1745755b3a8",
      "updateDate": 1469249635000,
      "dictTypeId": "f5ca1dcb-41e4-4553-b41e-f3eeda6d56f9",
      "dictDetailCode": "DM0000000063",
      "valueNameCn": "肌注",
      "valueNameEn": null,
      "sort": 0,
      "comments": null
    },
    {
      "id": "757872d4-5091-11e6-a022-902b340998a6",
      "createUserId": "34ff5c2e-6625-4d6d-ad39-d1745755b3a8",
      "createDate": 1469249635000,
      "updateUserId": "34ff5c2e-6625-4d6d-ad39-d1745755b3a8",
      "updateDate": 1469249635000,
      "dictTypeId": "f5ca1dcb-41e4-4553-b41e-f3eeda6d56f9",
      "dictDetailCode": "DM0000000064",
      "valueNameCn": "静注",
      "valueNameEn": null,
      "sort": 0,
      "comments": null
    },
    {
      "id": "757fcf7e-5091-11e6-a022-902b340998a6",
      "createUserId": "34ff5c2e-6625-4d6d-ad39-d1745755b3a8",
      "createDate": 1469249635000,
      "updateUserId": "34ff5c2e-6625-4d6d-ad39-d1745755b3a8",
      "updateDate": 1469249635000,
      "dictTypeId": "f5ca1dcb-41e4-4553-b41e-f3eeda6d56f9",
      "dictDetailCode": "DM0000000065",
      "valueNameCn": "皮下注射",
      "valueNameEn": null,
      "sort": 0,
      "comments": null
    },
    {
      "id": "758871d5-5091-11e6-a022-902b340998a6",
      "createUserId": "34ff5c2e-6625-4d6d-ad39-d1745755b3a8",
      "createDate": 1469249635000,
      "updateUserId": "34ff5c2e-6625-4d6d-ad39-d1745755b3a8",
      "updateDate": 1469249635000,
      "dictTypeId": "f5ca1dcb-41e4-4553-b41e-f3eeda6d56f9",
      "dictDetailCode": "DM0000000066",
      "valueNameCn": "外用",
      "valueNameEn": null,
      "sort": 0,
      "comments": null
    },
    {
      "id": "759249c9-5091-11e6-a022-902b340998a6",
      "createUserId": "34ff5c2e-6625-4d6d-ad39-d1745755b3a8",
      "createDate": 1469249635000,
      "updateUserId": "34ff5c2e-6625-4d6d-ad39-d1745755b3a8",
      "updateDate": 1469249635000,
      "dictTypeId": "f5ca1dcb-41e4-4553-b41e-f3eeda6d56f9",
      "dictDetailCode": "DM0000000067",
      "valueNameCn": "口服",
      "valueNameEn": null,
      "sort": 0,
      "comments": null
    },
    {
      "id": "759ada9d-5091-11e6-a022-902b340998a6",
      "createUserId": "34ff5c2e-6625-4d6d-ad39-d1745755b3a8",
      "createDate": 1469249635000,
      "updateUserId": "34ff5c2e-6625-4d6d-ad39-d1745755b3a8",
      "updateDate": 1469249635000,
      "dictTypeId": "f5ca1dcb-41e4-4553-b41e-f3eeda6d56f9",
      "dictDetailCode": "DM0000000068",
      "valueNameCn": "雾化给药",
      "valueNameEn": null,
      "sort": 0,
      "comments": null
    },
    {
      "id": "75a3b130-5091-11e6-a022-902b340998a6",
      "createUserId": "34ff5c2e-6625-4d6d-ad39-d1745755b3a8",
      "createDate": 1469249635000,
      "updateUserId": "34ff5c2e-6625-4d6d-ad39-d1745755b3a8",
      "updateDate": 1469249635000,
      "dictTypeId": "f5ca1dcb-41e4-4553-b41e-f3eeda6d56f9",
      "dictDetailCode": "DM0000000069",
      "valueNameCn": "穴位注射",
      "valueNameEn": null,
      "sort": 0,
      "comments": null
    },
    {
      "id": "75ac8688-5091-11e6-a022-902b340998a6",
      "createUserId": "34ff5c2e-6625-4d6d-ad39-d1745755b3a8",
      "createDate": 1469249635000,
      "updateUserId": "34ff5c2e-6625-4d6d-ad39-d1745755b3a8",
      "updateDate": 1469249635000,
      "dictTypeId": "f5ca1dcb-41e4-4553-b41e-f3eeda6d56f9",
      "dictDetailCode": "DM0000000070",
      "valueNameCn": "腹腔注射",
      "valueNameEn": null,
      "sort": 0,
      "comments": null
    },
    {
      "id": "75b4f775-5091-11e6-a022-902b340998a6",
      "createUserId": "34ff5c2e-6625-4d6d-ad39-d1745755b3a8",
      "createDate": 1469249635000,
      "updateUserId": "34ff5c2e-6625-4d6d-ad39-d1745755b3a8",
      "updateDate": 1469249635000,
      "dictTypeId": "f5ca1dcb-41e4-4553-b41e-f3eeda6d56f9",
      "dictDetailCode": "DM0000000071",
      "valueNameCn": "直肠灌注",
      "valueNameEn": null,
      "sort": 0,
      "comments": null
    },
    {
      "id": "75c0aeca-5091-11e6-a022-902b340998a6",
      "createUserId": "34ff5c2e-6625-4d6d-ad39-d1745755b3a8",
      "createDate": 1469249635000,
      "updateUserId": "34ff5c2e-6625-4d6d-ad39-d1745755b3a8",
      "updateDate": 1469249635000,
      "dictTypeId": "f5ca1dcb-41e4-4553-b41e-f3eeda6d5610",
      "dictDetailCode": "DM0000000072",
      "valueNameCn": "一次/天",
      "valueNameEn": null,
      "sort": 0,
      "comments": null
    },
    {
      "id": "75ca1073-5091-11e6-a022-902b340998a6",
      "createUserId": "34ff5c2e-6625-4d6d-ad39-d1745755b3a8",
      "createDate": 1469249635000,
      "updateUserId": "34ff5c2e-6625-4d6d-ad39-d1745755b3a8",
      "updateDate": 1469249635000,
      "dictTypeId": "f5ca1dcb-41e4-4553-b41e-f3eeda6d5610",
      "dictDetailCode": "DM0000000073",
      "valueNameCn": "二次/天",
      "valueNameEn": null,
      "sort": 0,
      "comments": null
    },
    {
      "id": "75d16d16-5091-11e6-a022-902b340998a6",
      "createUserId": "34ff5c2e-6625-4d6d-ad39-d1745755b3a8",
      "createDate": 1469249635000,
      "updateUserId": "34ff5c2e-6625-4d6d-ad39-d1745755b3a8",
      "updateDate": 1469249635000,
      "dictTypeId": "f5ca1dcb-41e4-4553-b41e-f3eeda6d5610",
      "dictDetailCode": "DM0000000074",
      "valueNameCn": "三次/天",
      "valueNameEn": null,
      "sort": 0,
      "comments": null
    },
    {
      "id": "75dac3df-5091-11e6-a022-902b340998a6",
      "createUserId": "34ff5c2e-6625-4d6d-ad39-d1745755b3a8",
      "createDate": 1469249635000,
      "updateUserId": "34ff5c2e-6625-4d6d-ad39-d1745755b3a8",
      "updateDate": 1469249635000,
      "dictTypeId": "f5ca1dcb-41e4-4553-b41e-f3eeda6d5610",
      "dictDetailCode": "DM0000000075",
      "valueNameCn": "四次/天",
      "valueNameEn": null,
      "sort": 0,
      "comments": null
    },
    {
      "id": "75e06aae-5091-11e6-a022-902b340998a6",
      "createUserId": "34ff5c2e-6625-4d6d-ad39-d1745755b3a8",
      "createDate": 1469249635000,
      "updateUserId": "34ff5c2e-6625-4d6d-ad39-d1745755b3a8",
      "updateDate": 1469249635000,
      "dictTypeId": "f5ca1dcb-41e4-4553-b41e-f3eeda6d5610",
      "dictDetailCode": "DM0000000076",
      "valueNameCn": "五次/天",
      "valueNameEn": null,
      "sort": 0,
      "comments": null
    },
    {
      "id": "75e801d6-5091-11e6-a022-902b340998a6",
      "createUserId": "34ff5c2e-6625-4d6d-ad39-d1745755b3a8",
      "createDate": 1469249636000,
      "updateUserId": "34ff5c2e-6625-4d6d-ad39-d1745755b3a8",
      "updateDate": 1469249636000,
      "dictTypeId": "f5ca1dcb-41e4-4553-b41e-f3eeda6d5610",
      "dictDetailCode": "DM0000000077",
      "valueNameCn": "六次/天",
      "valueNameEn": null,
      "sort": 0,
      "comments": null
    },
    {
      "id": "75f1c647-5091-11e6-a022-902b340998a6",
      "createUserId": "34ff5c2e-6625-4d6d-ad39-d1745755b3a8",
      "createDate": 1469249636000,
      "updateUserId": "34ff5c2e-6625-4d6d-ad39-d1745755b3a8",
      "updateDate": 1469249636000,
      "dictTypeId": "f5ca1dcb-41e4-4553-b41e-f3eeda6d56f7",
      "dictDetailCode": "DM00078",
      "valueNameCn": "10x9/L",
      "valueNameEn": null,
      "sort": 0,
      "comments": null
    },
    {
      "id": "75fc46bd-5091-11e6-a022-902b340998a6",
      "createUserId": "34ff5c2e-6625-4d6d-ad39-d1745755b3a8",
      "createDate": 1469249636000,
      "updateUserId": "34ff5c2e-6625-4d6d-ad39-d1745755b3a8",
      "updateDate": 1469249636000,
      "dictTypeId": "f5ca1dcb-41e4-4553-b41e-f3eeda6d56f7",
      "dictDetailCode": "DM00079",
      "valueNameCn": "10x3/μL",
      "valueNameEn": null,
      "sort": 0,
      "comments": null
    },
    {
      "id": "7608df61-5091-11e6-a022-902b340998a6",
      "createUserId": "34ff5c2e-6625-4d6d-ad39-d1745755b3a8",
      "createDate": 1469249636000,
      "updateUserId": "34ff5c2e-6625-4d6d-ad39-d1745755b3a8",
      "updateDate": 1469249636000,
      "dictTypeId": "f5ca1dcb-41e4-4553-b41e-f3eeda6d56f7",
      "dictDetailCode": "DM00080",
      "valueNameCn": "10x6/μL",
      "valueNameEn": null,
      "sort": 0,
      "comments": null
    },
    {
      "id": "76121321-5091-11e6-a022-902b340998a6",
      "createUserId": "34ff5c2e-6625-4d6d-ad39-d1745755b3a8",
      "createDate": 1469249636000,
      "updateUserId": "34ff5c2e-6625-4d6d-ad39-d1745755b3a8",
      "updateDate": 1469249636000,
      "dictTypeId": "f5ca1dcb-41e4-4553-b41e-f3eeda6d56f7",
      "dictDetailCode": "DM00081",
      "valueNameCn": "10x12/L",
      "valueNameEn": null,
      "sort": 0,
      "comments": null
    },
    {
      "id": "761929eb-5091-11e6-a022-902b340998a6",
      "createUserId": "34ff5c2e-6625-4d6d-ad39-d1745755b3a8",
      "createDate": 1469249636000,
      "updateUserId": "34ff5c2e-6625-4d6d-ad39-d1745755b3a8",
      "updateDate": 1469249636000,
      "dictTypeId": "f5ca1dcb-41e4-4553-b41e-f3eeda6d56f7",
      "dictDetailCode": "DM00082",
      "valueNameCn": "g/dL",
      "valueNameEn": null,
      "sort": 0,
      "comments": null
    },
    {
      "id": "761f5b07-5091-11e6-a022-902b340998a6",
      "createUserId": "34ff5c2e-6625-4d6d-ad39-d1745755b3a8",
      "createDate": 1469249636000,
      "updateUserId": "34ff5c2e-6625-4d6d-ad39-d1745755b3a8",
      "updateDate": 1469249636000,
      "dictTypeId": "f5ca1dcb-41e4-4553-b41e-f3eeda6d56f7",
      "dictDetailCode": "DM00083",
      "valueNameCn": "K/μL",
      "valueNameEn": null,
      "sort": 0,
      "comments": null
    },
    {
      "id": "76288a4b-5091-11e6-a022-902b340998a6",
      "createUserId": "34ff5c2e-6625-4d6d-ad39-d1745755b3a8",
      "createDate": 1469249636000,
      "updateUserId": "34ff5c2e-6625-4d6d-ad39-d1745755b3a8",
      "updateDate": 1469249636000,
      "dictTypeId": "f5ca1dcb-41e4-4553-b41e-f3eeda6d56f7",
      "dictDetailCode": "DM00084",
      "valueNameCn": "mg/dL",
      "valueNameEn": null,
      "sort": 0,
      "comments": null
    },
    {
      "id": "763251d5-5091-11e6-a022-902b340998a6",
      "createUserId": "34ff5c2e-6625-4d6d-ad39-d1745755b3a8",
      "createDate": 1469249636000,
      "updateUserId": "34ff5c2e-6625-4d6d-ad39-d1745755b3a8",
      "updateDate": 1469249636000,
      "dictTypeId": "f5ca1dcb-41e4-4553-b41e-f3eeda6d56f7",
      "dictDetailCode": "DM00085",
      "valueNameCn": "K/ul",
      "valueNameEn": null,
      "sort": 0,
      "comments": null
    },
    {
      "id": "763c924b-5091-11e6-a022-902b340998a6",
      "createUserId": "34ff5c2e-6625-4d6d-ad39-d1745755b3a8",
      "createDate": 1469249636000,
      "updateUserId": "34ff5c2e-6625-4d6d-ad39-d1745755b3a8",
      "updateDate": 1469249636000,
      "dictTypeId": "f5ca1dcb-41e4-4553-b41e-f3eeda6d56f7",
      "dictDetailCode": "DM00086",
      "valueNameCn": "μmol/L",
      "valueNameEn": null,
      "sort": 0,
      "comments": null
    },
    {
      "id": "76436bf4-5091-11e6-a022-902b340998a6",
      "createUserId": "34ff5c2e-6625-4d6d-ad39-d1745755b3a8",
      "createDate": 1469249636000,
      "updateUserId": "34ff5c2e-6625-4d6d-ad39-d1745755b3a8",
      "updateDate": 1469249636000,
      "dictTypeId": "f5ca1dcb-41e4-4553-b41e-f3eeda6d56f7",
      "dictDetailCode": "DM00087",
      "valueNameCn": "#",
      "valueNameEn": null,
      "sort": 0,
      "comments": null
    },
    {
      "id": "764e7953-5091-11e6-a022-902b340998a6",
      "createUserId": "34ff5c2e-6625-4d6d-ad39-d1745755b3a8",
      "createDate": 1469249636000,
      "updateUserId": "34ff5c2e-6625-4d6d-ad39-d1745755b3a8",
      "updateDate": 1469249636000,
      "dictTypeId": "f5ca1dcb-41e4-4553-b41e-f3eeda6d56f7",
      "dictDetailCode": "DM00088",
      "valueNameCn": "sec",
      "valueNameEn": null,
      "sort": 0,
      "comments": null
    },
    {
      "id": "7657dadf-5091-11e6-a022-902b340998a6",
      "createUserId": "34ff5c2e-6625-4d6d-ad39-d1745755b3a8",
      "createDate": 1469249636000,
      "updateUserId": "34ff5c2e-6625-4d6d-ad39-d1745755b3a8",
      "updateDate": 1469249636000,
      "dictTypeId": "f5ca1dcb-41e4-4553-b41e-f3eeda6d56f7",
      "dictDetailCode": "DM00089",
      "valueNameCn": "mmHg",
      "valueNameEn": null,
      "sort": 0,
      "comments": null
    },
    {
      "id": "765f59ce-5091-11e6-a022-902b340998a6",
      "createUserId": "34ff5c2e-6625-4d6d-ad39-d1745755b3a8",
      "createDate": 1469249636000,
      "updateUserId": "34ff5c2e-6625-4d6d-ad39-d1745755b3a8",
      "updateDate": 1469249636000,
      "dictTypeId": "f5ca1dcb-41e4-4553-b41e-f3eeda6d56f7",
      "dictDetailCode": "DM00090",
      "valueNameCn": "mEq/L",
      "valueNameEn": null,
      "sort": 0,
      "comments": null
    },
    {
      "id": "766708c1-5091-11e6-a022-902b340998a6",
      "createUserId": "34ff5c2e-6625-4d6d-ad39-d1745755b3a8",
      "createDate": 1469249636000,
      "updateUserId": "34ff5c2e-6625-4d6d-ad39-d1745755b3a8",
      "updateDate": 1469249636000,
      "dictTypeId": "f5ca1dcb-41e4-4553-b41e-f3eeda6d56f7",
      "dictDetailCode": "DM00091",
      "valueNameCn": "ul/dL",
      "valueNameEn": null,
      "sort": 0,
      "comments": null
    },
    {
      "id": "766eb3e4-5091-11e6-a022-902b340998a6",
      "createUserId": "34ff5c2e-6625-4d6d-ad39-d1745755b3a8",
      "createDate": 1469249636000,
      "updateUserId": "34ff5c2e-6625-4d6d-ad39-d1745755b3a8",
      "updateDate": 1469249636000,
      "dictTypeId": "f5ca1dcb-41e4-4553-b41e-f3eeda6d56f7",
      "dictDetailCode": "DM00092",
      "valueNameCn": "Leu/μL",
      "valueNameEn": null,
      "sort": 0,
      "comments": null
    },
    {
      "id": "7676875d-5091-11e6-a022-902b340998a6",
      "createUserId": "34ff5c2e-6625-4d6d-ad39-d1745755b3a8",
      "createDate": 1469249636000,
      "updateUserId": "34ff5c2e-6625-4d6d-ad39-d1745755b3a8",
      "updateDate": 1469249636000,
      "dictTypeId": "f5ca1dcb-41e4-4553-b41e-f3eeda6d56f7",
      "dictDetailCode": "DM00093",
      "valueNameCn": "Ery/μL",
      "valueNameEn": null,
      "sort": 0,
      "comments": null
    }
  ],
  "message": "OK",
  "code": 0
}
