{
  "id": "402880ea56ce7bcc0156cf2d03610004",
  "status": {
    "id": "772507d2-5091-11e6-a022-902b340998a6",
    "createUserId": "34ff5c2e-6625-4d6d-ad39-d1745755b3a8",
    "createDate": 1469249638000,
    "updateUserId": "34ff5c2e-6625-4d6d-ad39-d1745755b3a8",
    "updateDate": 1469249638000,
    "dictTypeId": "34ff5c2e-6625-4d6d-ad39-d1745755b3a1",
    "dictDetailCode": "SM00001",
    "valueNameCn": "正常",
    "valueNameEn": "",
    "comments": ""
  },
  "createUserId": "1",
  "createDate": 1472354648000,
  "updateUserId": "1",
  "updateDate": 1472354648000,
  "cateNo": "1467f659-dbf8-4ede-89fd-396b08bbdc8c",
  "itemCode": "sdfsdf",
  "itemName": "ddfdf",
  "packageUnit": "sdfsdfsdfsdf",
  "recipeUnit": null,
  "itemStandard": null,
  "itemStyle": "宠物食品",
  "barCode": null,
  "busiTypeId": null,
  "itemBulk": null,
  "inputPrice": 0.0,
  "dealerCode": null,
  "dealerName": null,
  "sellPrice": 0.0,
  "isVipDiscount": null,
  "vipSellPrice": 111.0,
  "isSell": null,
  "isCount": null,
  "recipePrice": 0.0,
  "drugForm": null,
  "wareUpLimit": null,
  "wareDownLimit": null,
  "safeDay": 111,
  "useWay": "sdf",
  "groupName": null,
  "remark": "sdf",
  "inputCode": null,
  "isScattered": 0.0,
  "location": null,
  "isCanExchange": null,
  "exchangeRewardPoint": null
}