{
  "age": 2,
  "createDate": 1468920824000,
  "createUserId": "fc5db3b3-4063-4a12-a511-880ba19e4b58",
  "dogBandId": "110",
  "gestCode": "vip01",
  "gestId": "01",
  "gestName": "小新",
  "id": "ff808081560275260156028104570001",
  "mdicTypeName": "院长",
  "petBirthday": 1468857600000,
  "petBodyLong": 10,
  "petCode": "CP01",
  "petHead": "头像",
  "petHeadId": "01",
  "petHeight": 50,
  "petName": "二哈",
  "petRace": {
    "createDate": 1468918964000,
    "createUserId": "fc5db3b3-4063-4a12-a511-880ba19e4b58",
    "id": "1aa38af8-efd0-4fbb-8c78-d12d17cc9624",
    "petRace": {
      "createDate": 1468918964000,
      "createUserId": "fc5db3b3-4063-4a12-a511-880ba19e4b58",
      "id": "326209c2-59aa-474a-b714-49f3cba8675f",
      "name": "猫",
      "status": "OK",
      "updateDate": 1468918964000,
      "updateUserId": "fc5db3b3-4063-4a12-a511-880ba19e4b58"
    },
    "status": "OK",
    "type": "美国短毛猫",
    "updateDate": 1468918964000,
    "updateUserId": "fc5db3b3-4063-4a12-a511-880ba19e4b58"
  },
  "petSex": {
    "createDate": 1468918964000,
    "createUserId": "34ff5c2e-6625-4d6d-ad39-d1745755b3a8",
    "dictDetailCode": "DM00003",
    "dictTypeId": "f5ca1dcb-41e4-4553-b41e-f3eeda6d56f2",
    "id": "8e45e644-4d8f-11e6-b714-5d28aef3b5b0",
    "sort": 0,
    "status": "OK",
    "updateDate": 1468918964000,
    "updateUserId": "34ff5c2e-6625-4d6d-ad39-d1745755b3a8",
    "valueNameCn": "雄性"
  },
  "petSkinColor": {
    "createDate": 1468918964000,
    "createUserId": "34ff5c2e-6625-4d6d-ad39-d1745755b3a8",
    "dictDetailCode": "DM00003",
    "dictTypeId": "f5ca1dcb-41e4-4553-b41e-f3eeda6d56f2",
    "id": "8e45e644-4d8f-11e6-b714-5d28aef3b5b0",
    "sort": 0,
    "status": "OK",
    "updateDate": 1468918964000,
    "updateUserId": "34ff5c2e-6625-4d6d-ad39-d1745755b3a8",
    "valueNameCn": "雄性"
  },
  "petSwidth": 20,
  "petWeight": 2.5,
  "status": "OK",
  "updateDate": 1468920824000,
  "updateUserId": "fc5db3b3-4063-4a12-a511-880ba19e4b58"
}